{"mu": [0.01066010631620884, 0.009869148023426533, 0.01450053509324789, 0.013712016865611076, 0.010627892799675465, 0.009014417417347431, 0.013741056434810162, 0.012516260147094727, 0.012910385616123676, 0.01242701057344675, 0.019999448210000992, 0.018370792269706726, 0.014505055733025074, 0.012671470642089844, 0.018077651038765907, 0.017444461584091187, 0.01073305681347847, 0.010085009969770908, 0.013274315744638443, 0.013759631663560867, 0.009461937472224236, 0.008466302417218685, 0.011489180848002434, 0.011224490590393543, 0.01281161978840828, 0.012644650414586067, 0.01808052696287632, 0.016855336725711823, 0.012545639649033546, 0.011553731746971607, 0.01599700376391411, 0.01569433882832527, 0.012751970440149307, 0.012544318102300167, 0.017675234004855156, 0.016455553472042084, 0.014034666121006012, 0.011503804475069046, 0.01800437644124031, 0.016022780910134315, 0.01817268133163452, 0.01806400902569294, 0.025726545602083206, 0.02557213604450226, 0.01890925131738186, 0.017588619142770767, 0.024350855499505997, 0.023551030084490776, 0.01453670859336853, 0.01323816366493702, 0.01821187324821949, 0.018422458320856094, 0.014233152382075787, 0.011380471289157867, 0.017225192859768867, 0.015880176797509193, 0.01696796342730522, 0.0165094044059515, 0.024075007066130638, 0.023782767355442047, 0.01873254030942917, 0.01586759090423584, 0.022545544430613518, 0.021680891513824463, 0.4728005826473236, 0.4745531380176544, 0.48333749175071716, 0.48762527108192444, 0.5002811551094055, 0.5043361783027649, 0.5163543820381165, 0.5192891359329224, 0.494825541973114, 0.5051743984222412, 2.6172876358032227, 3.088798761367798], "sd": [0.014276779256761074, 0.011037400923669338, 0.013139401562511921, 0.01315290853381157, 0.012012623250484467, 0.010575002990663052, 0.012942210771143436, 0.012529336847364902, 0.013245603069663048, 0.012279783375561237, 0.01585700921714306, 0.01478335540741682, 0.01439182460308075, 0.012583089992403984, 0.014555315487086773, 0.015330048277974129, 0.011508655734360218, 0.011687601916491985, 0.012702928856015205, 0.013085487298667431, 0.010819945484399796, 0.012666776776313782, 0.012471454218029976, 0.011796055361628532, 0.012494050897657871, 0.013822092674672604, 0.016084032133221626, 0.014129151590168476, 0.012477049604058266, 0.012573344632983208, 0.013804669491946697, 0.01411253958940506, 0.012470778077840805, 0.012362916022539139, 0.015958204865455627, 0.014021835289895535, 0.012991669587790966, 0.012233170680701733, 0.017106065526604652, 0.013735654763877392, 0.015240739099681377, 0.01565236784517765, 0.02472822740674019, 0.017416242510080338, 0.014903542585670948, 0.014379914849996567, 0.018650751560926437, 0.0166601724922657, 0.013467139564454556, 0.012776108458638191, 0.014691744931042194, 0.016526464372873306, 0.013333667069673538, 0.011871249414980412, 0.014290215447545052, 0.014996136538684368, 0.014225293882191181, 0.013924875296652317, 0.016997450962662697, 0.018064318224787712, 0.015681710094213486, 0.014283034019172192, 0.01639258861541748, 0.02244531735777855, 0.15661823749542236, 0.16262651979923248, 0.1655704379081726, 0.16623914241790771, 0.16633667051792145, 0.16683855652809143, 0.1640024185180664, 0.15620675683021545, 0.07586274296045303, 0.07586273550987244, 0.8623179793357849, 1.0333147048950195]}